Rank,,Combined 20-24
1,"Columbia Law Review",100.00
2,"Harvard Law Review",97.88
3,"Stanford Law Review",93.16
4,"Yale Law Journal",79.18
5,"California Law Review",68.54
6,"University of Pennsylvania Law Review",65.34
7,"Cornell Law Review",64.66
8,"Michigan Law Review",63.22
9,"University of Chicago Law Review",59.93
10,"Virginia Law Review",59.04
11,"Duke Law Journal",58.48
12,"New York University Law Review",57.27
13,"Vanderbilt Law Review",56.28
14,"Iowa Law Review",56.19
15,"Boston University Law Review",55.93
16,"Minnesota Law Review",55.13
17,"Georgetown Law Journal",54.80
18,"Northwestern University Law Review",52.15
19,"Texas Law Review",51.33
20,"Fordham Law Review",49.19
21,"UCLA Law Review",47.75
22,"Boston College Law Review",47.52
23,"UC Davis Law Review",46.79
24,"Washington University Law Review",46.69
25,"Harvard Law Review Forum [online]",44.62
26,"Yale Law Journal Forum [online]",44.58
27,"Notre Dame Law Review",43.79
28,"Indiana Law Journal",38.40
29,"Yale Journal on Regulation",37.93
30,"Southern California Law Review",37.40
31,"George Washington Law Review",35.45
32,"University of Illinois Law Review",34.82
33,"Florida Law Review",34.53
34,"Washington Law Review",34.36
35,"Wisconsin Law Review",33.48
36,"William & Mary Law Review",33.41
37,"North Carolina Law Review",33.05
38,"Cardozo Law Review",31.87
39,"Ohio State Law Journal",31.27
40,"U.C. Irvine Law Review",29.64
41,"Supreme Court Review",28.59
42,"Emory Law Journal",27.72
43,"UC Law Journal",27.30
44,"Georgia Law Review",26.79
45,"Journal of Criminal Law and Criminology",26.41
46,"Alabama Law Review",26.27
47,"Harvard Journal of Law & Technology",26.17
48,"Administrative Law Review",25.74
49,"Arizona Law Review",25.56
50,"Harvard Journal of Law & Public Policy",25.13
51,"Utah Law Review",25.09
52,"American University Law Review",24.70
53,"Lewis & Clark Law Review",24.57
54,"Stanford Law Review Online [online]",23.80
55,"Columbia Journal of Race and Law [online]",22.91
56,"Connecticut Law Review",22.53
57,"Maryland Law Review",22.43
58,"Washington and Lee Law Review",22.16
59,"Virginia Law Review Online [online]",21.63
60,"Journal of Corporation Law",21.07
61,"University of Pennsylvania Journal of Business Law",20.80
62,"University of Pennsylvania Law Review Online [online]",20.74
63,"Stanford Technology Law Review [online]",20.69
64,"Buffalo Law Review",20.64
65,"American Journal of International Law",20.26
66,"Yale Journal of Law & Technology [online]",19.99
67,"Wake Forest Law Review",19.73
68,"Harvard Civil Rights-Civil Liberties Law Review",19.43
69,"Duke Journal of Constitutional Law & Public Policy",19.24
70,"Stanford Journal of Civil Rights and Civil Liberties",19.04
71,"Houston Law Review",19.03
72,"SMU Law Review",18.75
73,"Arizona State Law Journal",18.33
74,"Yale Journal of Health Policy, Law, and Ethics",18.12
75,"Georgetown Law Journal Online [online]",17.79
76,"University of Colorado Law Review",17.37
77,"American Business Law Journal",17.36
78,"University of Chicago Law Review Online [online]",17.19
79,"Law and Contemporary Problems",17.15
80,"Berkeley Technology Law Journal",17.14
81,"Harvard Law & Policy Review",17.02
82,"Brooklyn Law Review",16.48
83,"Nevada Law Journal",16.23
84,"Brigham Young University Law Review",16.16
85,"Harvard International Law Journal",16.04
86,"Columbia Human Rights Law Review",15.92
87,"Stanford Journal of Law, Business & Finance",15.90
88,"Columbia Business Law Review",15.80
89,"Cato Supreme Court Review",15.70
90,"American Criminal Law Review",15.69
91,"Seton Hall Law Review",15.67
92,"Michigan Journal of Race & Law",15.28
93,"Harvard Journal on Legislation",15.22
94,"Business Lawyer",15.19
95,"Journal of Legal Analysis",15.18
96,"New York University Law Review Online [online]",14.93
97,"Fordham Urban Law Journal",14.83
98,"New York University Review of Law & Social Change",14.79
99,"Michigan State Law Review",14.46
100,"Tulane Law Review",14.18
101,"Villanova Law Review",14.15
102,"Washington University Journal of Law and Policy",14.15
103,"UCLA Law Review Discourse [online]",13.92
104,"University of Richmond Law Review",13.85
105,"Oklahoma Law Review",13.84
106,"William & Mary Bill of Rights Journal",13.79
107,"Duke Law Journal Online [online]",13.76
108,"University of Pennsylvania Journal of Constitutional Law",13.75
109,"Harvard Journal of Law & Gender",13.65
110,"California Law Review Online [online]",13.62
111,"Denver Law Review",13.61
112,"Marquette Law Review",13.57
113,"George Mason Law Review",13.56
114,"City University of New York (CUNY) Law Review",13.28
115,"DePaul Law Review",13.20
116,"Michigan Technology Law Review",13.12
117,"Yale Journal of International Law",13.08
118,"Yale Law & Policy Review",12.96
119,"Temple Law Review",12.94
120,"Minnesota Law Review Headnotes [online]",12.88
121,"Columbia Law Review Forum [online]",12.87
122,"Georgetown Journal of Law & Public Policy",12.73
123,"Northwestern University Law Review Online [online]",12.40
124,"University of Michigan Journal of Law Reform",12.39
125,"Virginia Journal of International Law",12.32
126,"Loyola Law Review",12.30
127,"Ohio State Journal of Criminal Law",12.30
128,"University of Chicago Legal Forum",12.27
129,"Penn State Law Review",12.15
130,"Georgetown Journal of Legal Ethics",12.03
131,"Journal of Law, Medicine & Ethics",11.96
132,"Columbia Journal of Law & the Arts",11.84
133,"American Bankruptcy Law Journal",11.80
134,"Jurimetrics",11.79
135,"Texas A&M Law Review",11.78
136,"Berkeley Journal of Employment and Labor Law",11.76
137,"South Carolina Law Review",11.74
138,"AJIL Unbound [online]",11.61
139,"Vanderbilt Journal of Entertainment and Technology Law",11.56
140,"New York University Journal of Legislation and Public Policy",11.53
141,"Tennessee Law Review",11.30
142,"Fordham Intellectual Property, Media & Entertainment Law Journal",11.23
143,"Pepperdine Law Review",11.15
144,"Georgetown Journal of Gender and the Law",11.13
145,"Syracuse Law Review",11.08
146,"Loyola University Chicago Law Journal",11.07
147,"Columbia Science and Technology Law Review [online]",11.02
148,"Nebraska Law Review",11.01
149,"Stanford Law & Policy Review",10.88
150,"New York University Journal of Law & Business",10.85
151,"Law & Social Inquiry",10.77
152,"Yale Journal of Law and Feminism",10.75
153,"Hofstra Law Review",10.71
154,"Clinical Law Review",10.70
155,"Saint Louis University Law Journal",10.68
156,"Michigan Journal of International Law",10.63
157,"Missouri Law Review",10.45
158,"Georgetown Immigration Law Journal",10.43
159,"Antitrust Law Journal",10.29
160,"St. John's Law Review",10.17
161,"University of Cincinnati Law Review",10.16
162,"Boston University Journal of Science & Technology Law",10.14
163,"Berkeley Business Law Journal",10.12
164,"Cleveland State Law Review",10.10
165,"Louisiana Law Review",10.07
166,"Journal of Technology Law & Policy",10.02
167,"Cornell Law Review Online [online]",10.01
168,"Annual Review of Law and Social Science",9.98
169,"Tax Law Review",9.92
170,"West Virginia Law Review",9.72
171,"University of Pennsylvania Journal of Law and Social Change",9.68
172,"Washington and Lee Law Review Online [online]",9.57
173,"Yale Journal on Regulation Bulletin [online]",9.53
174,"Connecticut Insurance Law Journal",9.50
175,"Columbia Journal of Tax Law",9.49
176,"Journal of Legal Studies",9.48
177,"San Diego Law Review",9.46
178,"Florida State University Law Review",9.41
179,"Georgia State University Law Review",9.39
180,"Texas Tech Law Review",9.27
181,"Santa Clara High Technology Law Journal",9.19
182,"Howard Law Journal",9.17
183,"Seattle University Law Review",9.16
184,"Journal of Empirical Legal Studies",9.04
185,"Michigan Law Review Online [online]",9.04
186,"Ecology Law Quarterly",9.01
187,"Vanderbilt Journal of Transnational Law",9.01
188,"Loyola of Los Angeles Law Review",8.98
189,"Chicago Journal of International Law",8.90
190,"Georgetown Journal on Poverty Law & Policy",8.85
191,"Notre Dame Law Review Reflection [online]",8.85
192,"University of Illinois Law Review Online [online]",8.84
193,"Brooklyn Journal of Corporate, Financial & Commercial Law",8.83
194,"William & Mary Business Law Review",8.81
195,"New Mexico Law Review",8.76
196,"University of St. Thomas Law Journal",8.76
197,"Texas Law Review Online Edition [online]",8.73
198,"Columbia Journal of Transnational Law",8.71
199,"UMKC Law Review",8.68
200,"University of Kansas Law Review",8.68
201,"Ohio State Technology Law Journal",8.53
202,"UC Law Constitutional Quarterly",8.52
203,"Cornell International Law Journal",8.49
204,"Duke Law & Technology Review [online]",8.38
205,"Oregon Law Review",8.35
206,"Rutgers University Law Review",8.34
207,"University of Pittsburgh Law Review",8.31
208,"Pace Law Review",8.29
209,"Northwestern Journal of Law and Social Policy [online]",8.17
210,"Vermont Law Review",8.13
211,"Northwestern Journal of Technology and Intellectual Property [online]",8.12
212,"Dickinson Law Review",8.10
213,"Virginia Tax Review",7.99
214,"Journal of International Economic Law",7.96
215,"West's Education Law Reporter",7.91
216,"Washington International Law Journal",7.90
217,"William & Mary Journal of Race, Gender, and Social Justice",7.80
218,"Tax Notes Federal",7.75
219,"Widener Law Review",7.74
220,"Kentucky Law Journal",7.73
221,"Fordham International Law Journal",7.68
222,"North Carolina Journal of Law & Technology",7.65
223,"Constitutional Commentary",7.62
224,"Columbia Journal of Gender and Law",7.52
225,"Mitchell Hamline Law Review",7.49
226,"Arkansas Law Review",7.43
227,"FIU Law Review",7.41
228,"Stetson Law Review",7.38
229,"Richmond Journal of Law and Technology [online]",7.34
230,"Chapman Law Review",7.32
231,"Annals of Health Law and Life Sciences",7.31
232,"Chicago-Kent Law Review",7.31
233,"University of Pennsylvania Journal of International Law",7.30
234,"UC Law SF Journal on Gender and Justice",7.27
235,"Cornell Journal of Law and Public Policy",7.26
236,"George Washington Law Review Arguendo [online]",7.24
237,"Southwestern Law Review",7.24
238,"University of Baltimore Law Review",7.24
239,"Family Law Quarterly",7.23
240,"Florida Tax Review",7.20
241,"Maine Law Review",7.13
242,"Harvard National Security Journal",7.11
243,"Boston University Law Review Online [online]",7.08
244,"Real Property, Trust and Estate Law Journal",7.03
245,"Cardozo Arts & Entertainment Law Journal",7.01
246,"Southern California Interdisciplinary Law Journal",7.01
247,"American University Journal of Gender, Social Policy & the Law",6.97
248,"New York University Journal of Law & Liberty",6.96
249,"American Political Science Review",6.95
250,"Theoretical Inquiries in Law",6.93
251,"Case Western Reserve Law Review",6.92
252,"Baylor Law Review",6.89
253,"New York University Annual Survey of American Law",6.86
254,"University of Miami Law Review",6.85
255,"Wyoming Law Review",6.85
256,"Cardozo Law Review De Novo [online]",6.81
257,"Cardozo Journal of Conflict Resolution",6.68
258,"Emory Law Journal Online [online]",6.65
259,"Catholic University Law Review",6.54
260,"Journal of Law & Economics",6.53
261,"European Journal of International Law",6.51
262,"Washburn Law Journal",6.47
263,"Drexel Law Review",6.43
264,"Ohio State Journal on Dispute Resolution",6.41
265,"Emory Bankruptcy Developments Journal",6.36
266,"American Journal of Law & Medicine",6.34
267,"American University Law Review Forum [online]",6.31
268,"Tax Lawyer",6.31
269,"Northeastern University Law Review",6.30
270,"Texas Review of Law and Politics",6.28
271,"Journal of Legal Education",6.23
272,"Notre Dame Journal of Law, Ethics & Public Policy",6.19
273,"Santa Clara Law Review",6.18
274,"Montana Law Review",6.14
275,"Duquesne Law Review",6.09
276,"Saint Louis University Journal of Health Law & Policy",6.05
277,"ACTEC Law Journal",6.01
278,"University of Toronto Law Journal",5.99
279,"University of the Pacific Law Review",5.98
280,"Virginia Law & Business Review",5.96
281,"German Law Journal [online]",5.81
282,"Southern California Law Review Postscript [online]",5.81
283,"Colorado Technology Law Journal",5.79
284,"First Amendment Law Review",5.76
285,"Chicago-Kent Journal of Intellectual Property [online]",5.75
286,"North Carolina Banking Institute",5.75
287,"Virginia Journal of Law & Technology [online]",5.71
288,"International Law Studies",5.69
289,"Boston College Law Review E. Supp. [online]",5.61
290,"University of Louisville Law Review",5.55
291,"Georgetown Law Technology Review [online]",5.51
292,"Fordham Journal of Corporate & Financial Law",5.46
293,"Berkeley Journal of Criminal Law [online]",5.42
294,"University of Illinois Journal of Law, Technology & Policy",5.33
295,"Journal of Tort Law [online]",5.32
296,"UC Davis Law Review Online [online]",5.32
297,"Law & Society Review",5.28
298,"Ohio State Business Law Journal",5.26
299,"UIC Law Review",5.26
300,"Leiden Journal of International Law",5.22
301,"Journal of High Technology Law [online]",5.15
302,"Michigan Journal of Gender & Law",5.15
303,"Loyola Consumer Law Review",5.14
304,"Boston College Intellectual Property and Technology Forum [online]",5.12
305,"Stanford Journal of International Law",5.10
306,"Boston University Public Interest Law Journal",5.09
307,"Journal of the Copyright Society of the U.S.A.",5.08
308,"Health Matrix: Journal of Law-Medicine",5.07
309,"Judicature",5.06
310,"St. Mary's Law Journal",5.02
311,"Emory International Law Review",5.00
312,"Texas Intellectual Property Law Journal",4.99
313,"Drake Law Review",4.97
314,"Harvard Environmental Law Review",4.97
315,"New York University Journal of Intellectual Property & Entertainment Law [online]",4.96
316,"Mississippi Law Journal",4.95
317,"North Carolina Journal of International Law",4.95
318,"American Journal of Comparative Law",4.94
319,"Ohio State Law Journal Online [online]",4.94
320,"UC Law Business Journal",4.94
321,"Washington Journal of Law, Technology & Arts [online]",4.90
322,"Albany Law Review",4.89
323,"American University Business Law Review",4.89
324,"Iowa Law Review Online [online]",4.89
325,"Indiana Law Journal Supplement [online]",4.84
326,"Gonzaga Law Review",4.82
327,"Belmont Law Review",4.80
328,"Campbell Law Review",4.75
329,"New York Law School Law Review",4.73
330,"Journal of Law and Policy",4.71
331,"Law and Human Behavior",4.64
332,"Tulsa Law Review",4.62
333,"Vanderbilt Law Review En Banc [online]",4.61
334,"Minnesota Journal of Law, Science & Technology",4.55
335,"University of San Francisco Law Review",4.55
336,"Georgetown Journal of International Law",4.54
337,"Connecticut Public Interest Law Journal",4.51
338,"Harvard Latin American Law Review",4.50
339,"Idaho Law Review",4.50
340,"Journal of Health Care Law & Policy",4.44
341,"University of Memphis Law Review",4.38
342,"Southern Illinois University Law Journal",4.35
343,"Wake Forest Journal of Law and Policy",4.34
344,"Family Court Review",4.30
345,"SMU Science and Technology Law Review",4.28
346,"Food and Drug Law Journal",4.27
347,"South Dakota Law Review",4.25
348,"William & Mary Law Review Online [online]",4.24
349,"Environmental Law Reporter",4.23
350,"Indiana Health Law Review",4.22
351,"Federal Courts Law Review",4.21
352,"Columbia Journal of Law and Social Problems",4.15
353,"Marquette Sports Law Review",4.15
354,"Case Western Reserve Journal of International Law",4.10
355,"Minnesota Journal of Law & Inequality",4.10
356,"Urban Lawyer",4.08
357,"Yale Journal of Law & the Humanities",4.08
358,"Oxford Journal of Legal Studies",4.04
359,"Santa Clara Journal of International Law",4.04
360,"University of Detroit Mercy Law Review",4.04
361,"Albany Law Journal of Science & Technology",4.02
362,"University of Toledo Law Review",4.02
363,"Touro Law Review",3.98
364,"Northern Illinois University Law Review",3.97
365,"Suffolk University Law Review",3.94
366,"ABA Journal of Labor & Employment Law",3.91
367,"Journal of Law & Education",3.90
368,"UC Davis Business Law Journal [online]",3.87
369,"Elder Law Journal",3.85
370,"Journal of Business & Technology Law",3.83
371,"Washington Law Review Online [online]",3.82
372,"Kansas Journal of Law & Public Policy",3.80
373,"Energy Law Journal",3.79
374,"American University International Law Review",3.77
375,"Law & Ethics of Human Rights",3.77
376,"Capital University Law Review",3.76
377,"Mercer Law Review",3.73
378,"Psychology, Public Policy, and Law",3.73
379,"Regent University Law Review",3.73
380,"UCLA Entertainment Law Review [online]",3.69
381,"Harvard Human Rights Journal",3.68
382,"Journal of Legislation",3.62
383,"Review of Litigation",3.62
384,"Regulation & Governance",3.59
385,"Journal of Law, Economics and Organization",3.53
386,"International and Comparative Law Quarterly",3.48
387,"Delaware Journal of Corporate Law",3.42
388,"Creighton Law Review",3.41
389,"World Trade Review",3.41
390,"Law and Psychology Review",3.35
391,"Cardozo International & Comparative Law Review",3.34
392,"Law Library Journal",3.34
393,"Modern Law Review",3.33
394,"University of Hawaii Law Review",3.33
395,"Columbia Journal of Environmental Law",3.31
396,"European Journal of Risk Regulation",3.30
397,"Wayne Law Review",3.28
398,"Human Rights Law Review",3.27
399,"Minnesota Journal of International Law",3.25
400,"University of Florida Journal of Law and Public Policy",3.23
NR,"AALL Spectrum",NR
NR,"ABA Journal",NR
NR,"Aberdeen Student Law Review",NR
NR,"Accounting, Economics, and Law: A Convivium [online]",NR
NR,"ACS Supreme Court Review [online]",NR
NR,"Acta Juridica",NR
NR,"Acta Juridica Hungarica",NR
NR,"Adelaide Law Review",NR
NR,"Advance: The Journal of the ACS Issue Groups",NR
NR,"Advocates' Quarterly",NR
NR,"African Human Rights Law Journal",NR
NR,"African Journal of International and Comparative Law",NR
NR,"African Journal of Legal Studies",NR
NR,"African Yearbook of International Law",NR
NR,"Agora International Journal of Juridical Sciences",NR
NR,"AICELS Law Review: Journal on Central European Law",NR
NR,"AILA Law Journal",NR
NR,"AIPLA Quarterly Journal",NR
NR,"Air & Space Law",NR
NR,"Air Force Law Review",NR
NR,"Akron Intellectual Property Journal",NR
NR,"Akron Law Review",NR
NR,"Alabama Civil Rights & Civil Liberties Law Review",NR
NR,"Alaska Justice Forum [online]",NR
NR,"Alaska Law Review",NR
NR,"Albany Government Law Review",NR
NR,"Alberta Law Review",NR
NR,"ALI-CLE Estate Planning Course Materials Journal",NR
NR,"Alternative Law Journal",NR
NR,"American Bankruptcy Institute Law Review",NR
NR,"American Indian Law Review",NR
NR,"American Journal of Criminal Justice",NR
NR,"American Journal of Criminal Law",NR
NR,"American Journal of Family Law",NR
NR,"American Journal of Jurisprudence",NR
NR,"American Journal of Law and Equality [online]",NR
NR,"American Journal of Legal History",NR
NR,"American Journal of Mediation",NR
NR,"American Journal of Trial Advocacy",NR
NR,"American Law and Economics Review",NR
NR,"American Review of International Arbitration",NR
NR,"American University Criminal Law Brief",NR
NR,"American University Intellectual Property Brief",NR
NR,"American University Labor & Employment Law Forum [online]",NR
NR,"Amsterdam Law Forum [online]",NR
NR,"Animal Law",NR
NR,"Annals of Air and Space Law",NR
NR,"Annual Review of Criminal Procedure",NR
NR,"Annual Survey of International and Comparative Law",NR
NR,"Antitrust",NR
NR,"Antitrust Bulletin",NR
NR,"Antitrust Source [online]",NR
NR,"Appalachian Journal of Law",NR
NR,"Appeal: Review of Current Law and Law Reform",NR
NR,"Arab Law Quarterly",NR
NR,"Arbitration International",NR
NR,"Arbitration: The International Journal of Arbitration, Mediation and Dispute Management",NR
NR,"Arctic Review on Law and Politics",NR
NR,"Arizona Journal of Environmental Law & Policy",NR
NR,"Arizona Journal of International and Comparative Law",NR
NR,"Arizona Summit Law Review",NR
NR,"Army Lawyer",NR
NR,"Art, Antiquity and Law",NR
NR,"Artificial Intelligence and Law",NR
NR,"Asia Pacific Journal of Environmental Law",NR
NR,"Asia Pacific Law Review",NR
NR,"Asian American Law Journal",NR
NR,"Asian Business Lawyer",NR
NR,"Asian International Arbitration Journal",NR
NR,"Asian Journal of Comparative Law",NR
NR,"Asian Journal of Criminology",NR
NR,"Asian Journal of International Law",NR
NR,"Asian Journal of Law and Economics [online]",NR
NR,"Asian Journal of Law and Society",NR
NR,"Asian Journal of WTO & International Health Law and Policy",NR
NR,"Asian Yearbook of International Law",NR
NR,"Asian-Pacific Law & Policy Journal [online]",NR
NR,"Asia-Pacific Journal on Human Rights and the Law",NR
NR,"Asper Review of International Business and Trade Law",NR
NR,"ATA Journal of Legal Tax Research",NR
NR,"Ateneo Law Journal",NR
NR,"Atlantic Law Journal",NR
NR,"Auckland University Law Review",NR
NR,"Australasian Dispute Resolution Journal",NR
NR,"Australasian Journal of Natural Resources Law and Policy",NR
NR,"Australia & New Zealand Law & History E-Journal [online]",NR
NR,"Australian and New Zealand Journal of Criminology",NR
NR,"Australian and New Zealand Maritime Law Journal [online]",NR
NR,"Australian Bar Review",NR
NR,"Australian Business Law Review",NR
NR,"Australian Feminist Law Journal",NR
NR,"Australian Intellectual Property Journal",NR
NR,"Australian International Law Journal",NR
NR,"Australian Journal of Administrative Law",NR
NR,"Australian Journal of Asian Law",NR
NR,"Australian Journal of Corporate Law",NR
NR,"Australian Journal of Family Law",NR
NR,"Australian Journal of Gender and Law [online]",NR
NR,"Australian Journal of Human Rights",NR
NR,"Australian Journal of Labour Law",NR
NR,"Australian Journal of Legal Philosophy",NR
NR,"Australian Law Journal",NR
NR,"Australian Property Law Journal",NR
NR,"Australian Tax Review",NR
NR,"Australian Year Book of International Law",NR
NR,"Austrian Review of International and European Law",NR
NR,"Ave Maria Law Review",NR
NR,"Baltic Journal of Law & Politics [online]",NR
NR,"Bangladesh Journal of Law",NR
NR,"Banking & Finance Law Review",NR
NR,"Banking Law Journal",NR
NR,"Bar Examiner",NR
NR,"Barry Law Review",NR
NR,"Behavioral Sciences & the Law",NR
NR,"Beijing Law Review",NR
NR,"Benefits Law Journal",NR
NR,"Berkeley Journal of African-American Law & Policy",NR
NR,"Berkeley Journal of Entertainment & Sports Law [online]",NR
NR,"Berkeley Journal of Gender, Law & Justice",NR
NR,"Berkeley Journal of International Law",NR
NR,"Berkeley Journal of Middle Eastern & Islamic Law",NR
NR,"Berkeley Latine Journal of Law & Policy",NR
NR,"Bio-Science Law Review",NR
NR,"Biotechnology Law Report",NR
NR,"Bond Law Review",NR
NR,"Boston College Environmental Affairs Law Review",NR
NR,"Boston College International and Comparative Law Review",NR
NR,"Boston College Journal of Law and Social Justice",NR
NR,"Boston University International Law Journal",NR
NR,"Bracton Law Journal",NR
NR,"Brandeis University Law Journal",NR
NR,"Brigham Young University Education and Law Journal",NR
NR,"Brigham Young University International Law & Management Review",NR
NR,"Brigham Young University Journal of Public Law",NR
NR,"British Journal of American Legal Studies",NR
NR,"British Journal of Criminology",NR
NR,"British Tax Review",NR
NR,"British Year Book of International Law",NR
NR,"Brooklyn Journal of International Law",NR
NR,"Buffalo Environmental Law Journal",NR
NR,"Buffalo Human Rights Law Review",NR
NR,"Buffalo Intellectual Property Law Journal",NR
NR,"Buffalo Law Review The Docket [online]",NR
NR,"Buffalo Public Interest Law Journal: In the Public Interest",NR
NR,"Building and Construction Law Journal",NR
NR,"Bulletin of Comparative Labour Relations",NR
NR,"Business & Finance Law Review [online]",NR
NR,"Business and Human Rights Journal",NR
NR,"Business Law International",NR
NR,"Business Law Review",NR
NR,"Business Law Today [online]",NR
NR,"Business, Entrepreneurship & Tax Law Review [online]",NR
NR,"Cahiers de Droit",NR
NR,"California Legal History",NR
NR,"California Western International Law Journal",NR
NR,"California Western Law Review",NR
NR,"Cambrian Law Review",NR
NR,"Cambridge International Law Journal",NR
NR,"Cambridge Law Journal",NR
NR,"Canada-United States Law Journal",NR
NR,"Canadian Bar Review",NR
NR,"Canadian Business Law Journal",NR
NR,"Canadian Family Law Quarterly",NR
NR,"Canadian Journal of Administrative Law and Practice",NR
NR,"Canadian Journal of Criminology and Criminal Justice",NR
NR,"Canadian Journal of Family Law",NR
NR,"Canadian Journal of Human Rights",NR
NR,"Canadian Journal of Insurance Law",NR
NR,"Canadian Journal of Law and Jurisprudence",NR
NR,"Canadian Journal of Law and Society",NR
NR,"Canadian Journal of Law and Technology",NR
NR,"Canadian Journal of Women and the Law",NR
NR,"Canadian Labour & Employment Law Journal",NR
NR,"Canadian Law Library Review",NR
NR,"Canadian Tax Journal",NR
NR,"Canadian Yearbook of International Law",NR
NR,"Canberra Law Review [online]",NR
NR,"Canterbury Law Review",NR
NR,"Capital Markets Law Journal",NR
NR,"Carbon & Climate Law Review",NR
NR,"Cardozo Journal of Equal Rights and Social Justice",NR
NR,"Catholic University Journal of Law and Technology",NR
NR,"Charity Law & Practice Review",NR
NR,"Charleston Law Review",NR
NR,"Chicago-Kent Journal of Environmental and Energy Law [online]",NR
NR,"Chicago-Kent Journal of International and Comparative Law [online]",NR
NR,"Chicana/o Latina/o Law Review",NR
NR,"Child & Family Law Quarterly",NR
NR,"Child Welfare",NR
NR,"Children's Legal Rights Journal",NR
NR,"Chinese (Taiwan) Yearbook of International Law and Affairs",NR
NR,"Chinese Journal of International Law",NR
NR,"City University of Hong Kong Law Review",NR
NR,"Civil Justice Quarterly",NR
NR,"Clearinghouse Review",NR
NR,"Climate Law",NR
NR,"Colorado Environmental Law Journal",NR
NR,"Columbia Journal of Asian Law",NR
NR,"Columbia Journal of European Law",NR
NR,"Common Law World Review",NR
NR,"Common Market Law Review",NR
NR,"Commonwealth Judicial Journal",NR
NR,"Commonwealth Law Bulletin",NR
NR,"Communications Lawyer",NR
NR,"Company and Securities Law Journal",NR
NR,"Company Lawyer",NR
NR,"Comparative and International Law Journal of Southern Africa",NR
NR,"Comparative Labor Law & Policy Journal",NR
NR,"Competition & Consumer Law Journal",NR
NR,"Competition and Regulation in Network Industries",NR
NR,"Computer and Telecommunications Law Review",NR
NR,"Computer Law and Security Review",NR
NR,"Conflict Resolution Quarterly",NR
NR,"ConLawNOW [online]",NR
NR,"Connecticut Journal of International Law",NR
NR,"Connecticut Law Review Online [online]",NR
NR,"Constitutional Forum",NR
NR,"Constitutional Political Economy",NR
NR,"Construction Law Journal",NR
NR,"Construction Lawyer",NR
NR,"Consumer Finance Law Quarterly Report",NR
NR,"Contemporary Asia Arbitration Journal",NR
NR,"Contemporary Justice Review",NR
NR,"Conveyancer and Property Lawyer",NR
NR,"Conveyancing and Property Law Journal",NR
NR,"Cork Online Law Review [online]",NR
NR,"Corporate and Business Law Journal [online]",NR
NR,"Corporate Governance Advisor",NR
NR,"Corporate Governance eJournal [online]",NR
NR,"Corporate Taxation",NR
NR,"Court Review: The Journal of the American Judges Association",NR
NR,"Coventry Law Journal",NR
NR,"Crime & Delinquency",NR
NR,"Crime, Law and Social Change",NR
NR,"Crime, Media, Culture",NR
NR,"Criminal Justice",NR
NR,"Criminal Justice and Behavior",NR
NR,"Criminal Justice Ethics",NR
NR,"Criminal Justice Policy Review",NR
NR,"Criminal Justice Review",NR
NR,"Criminal Justice Studies: A Critical Journal of Crime, Law and Society",NR
NR,"Criminal Law and Philosophy",NR
NR,"Criminal Law Bulletin",NR
NR,"Criminal Law Forum",NR
NR,"Criminal Law Quarterly",NR
NR,"Criminal Law Review",NR
NR,"Criminology",NR
NR,"Criminology & Criminal Justice",NR
NR,"Criminology & Public Policy",NR
NR,"Criminology, Criminal Justice, Law & Society [online]",NR
NR,"Critical Criminology",NR
NR,"Croatian Yearbook of European Law & Policy",NR
NR,"Cumberland Law Review",NR
NR,"Current Legal Problems",NR
NR,"Currents: International Trade Law Journal",NR
NR,"Dalhousie Journal of Legal Studies",NR
NR,"Dalhousie Law Journal",NR
NR,"Dartmouth Law Journal",NR
NR,"Deakin Law Review",NR
NR,"Defense Counsel Journal",NR
NR,"Denning Law Journal",NR
NR,"Denver Journal of International Law and Policy",NR
NR,"Denver Law Review Forum [online]",NR
NR,"DePaul Business & Commercial Law Journal",NR
NR,"DePaul Journal for Social Justice",NR
NR,"DePaul Journal of Art, Technology & Intellectual Property Law",NR
NR,"DePaul Journal of Health Care Law",NR
NR,"DePaul Journal of Sports Law & Contemporary Problems",NR
NR,"Deviant Behavior",NR
NR,"Digest: National Italian American Bar Association Law Journal",NR
NR,"Digital Evidence and Electronic Signature Law Review",NR
NR,"Digital Law Asia [online]",NR
NR,"Drake Journal of Agricultural Law",NR
NR,"Drug Court Review",NR
NR,"Dublin University Law Journal",NR
NR,"Duke Environmental Law & Policy Forum",NR
NR,"Duke Forum for Law & Social Change",NR
NR,"Duke Journal of Comparative & International Law",NR
NR,"Duke Journal of Constitutional Law & Public Policy Sidebar [online]",NR
NR,"Duquesne Business Law Journal",NR
NR,"East West Review of Labor Law and Social Policy",NR
NR,"EC Tax Journal",NR
NR,"EC Tax Review",NR
NR,"Ecclesiastical Law Journal",NR
NR,"Ecology Law Currents [online]",NR
NR,"Edinburgh Law Review",NR
NR,"Edinburgh Student Law Review",NR
NR,"eJournal of Tax Research [online]",NR
NR,"Election Law Journal: Rules, Politics, and Policy",NR
NR,"Elon Law Review",NR
NR,"Emory Corporate Governance and Accountability Review [online]",NR
NR,"Employee Relations Law Journal",NR
NR,"Employee Responsibilities and Rights Journal",NR
NR,"Employee Rights and Employment Policy Journal",NR
NR,"Engage: the journal of the Federalist Society's practice groups",NR
NR,"Entertainment and Sports Law Journal [online]",NR
NR,"Entertainment and Sports Lawyer",NR
NR,"Entertainment Law Review",NR
NR,"Environmental and Earth Law Journal [online]",NR
NR,"Environmental and Planning Law Journal",NR
NR,"Environmental Claims Journal",NR
NR,"Environmental Justice",NR
NR,"Environmental Law",NR
NR,"Environmental Law and Management",NR
NR,"Environmental Law Review",NR
NR,"Environmental Liability",NR
NR,"Environmental Policy and Law",NR
NR,"Environs: Environmental Law and Policy Journal",NR
NR,"ERA Forum",NR
NR,"Erasmus Law Review [online]",NR
NR,"Estate Planning",NR
NR,"Estate Planning & Community Property Law Journal",NR
NR,"Estates, Trusts & Pensions Journal",NR
NR,"Ethics: An International Journal of Social, Political, and Legal Philosophy",NR
NR,"Ethiopian Yearbook of International Law [online]",NR
NR,"European Business Law Review",NR
NR,"European Business Organization Law Review",NR
NR,"European Company and Financial Law Review",NR
NR,"European Company Law",NR
NR,"European Competition Journal",NR
NR,"European Competition Law Review",NR
NR,"European Constitutional Law Review",NR
NR,"European Energy and Environmental Law Review",NR
NR,"European Food and Feed Law Review",NR
NR,"European Human Rights Law Review",NR
NR,"European Intellectual Property Review",NR
NR,"European International Arbitration Review",NR
NR,"European Journal of Commercial Contract Law",NR
NR,"European Journal of Comparative Law and Governance [online]",NR
NR,"European Journal of Crime, Criminal Law and Criminal Justice",NR
NR,"European Journal of Criminology",NR
NR,"European Journal of Current Legal Issues (2015 - ) [online]",NR
NR,"European Journal of Economics, Law and Politics [online]",NR
NR,"European Journal of Health Law",NR
NR,"European Journal of Law and Economics",NR
NR,"European Journal of Law and Technology",NR
NR,"European Journal of Law Reform",NR
NR,"European Journal of Legal Studies [online]",NR
NR,"European Journal of Migration and Law",NR
NR,"European Journal of Probation [online]",NR
NR,"European Journal of Social Security",NR
NR,"European Journal on Criminal Policy and Research",NR
NR,"European Labour Law Journal",NR
NR,"European Law Journal",NR
NR,"European Law Review",NR
NR,"European Public Law",NR
NR,"European Review of Contract Law",NR
NR,"European Review of Private Law",NR
NR,"European State Aid Law Quarterly",NR
NR,"European Yearbook of Minority Issues",NR
NR,"Exempt Organization Tax Review",NR
NR,"False Claims Act and Qui Tam Quarterly Review",NR
NR,"Family & Intimate Partner Violence Quarterly",NR
NR,"Family Advocate",NR
NR,"Family Law",NR
NR,"Family Law Review",NR
NR,"Faulkner Law Review",NR
NR,"Federal Circuit Bar Journal",NR
NR,"Federal Communications Law Journal",NR
NR,"Federal Law Review",NR
NR,"Federal Lawyer",NR
NR,"Federal Probation Journal",NR
NR,"Federal Sentencing Reporter",NR
NR,"Feminist Criminology",NR
NR,"Feminist Legal Studies",NR
NR,"Fletcher Forum of World Affairs",NR
NR,"Flinders Law Journal",NR
NR,"Florida A & M University Law Review",NR
NR,"Florida Journal of International Law",NR
NR,"Florida Law Review Forum [online]",NR
NR,"Florida State University Law Review Online [online]",NR
NR,"For the Defense",NR
NR,"Fordham Environmental Law Review",NR
NR,"Fordham Law Review Online [online]",NR
NR,"Foreign Affairs [online]",NR
NR,"Franchise Law Journal",NR
NR,"Freedom Center Journal",NR
NR,"Frontiers of Law in China",NR
NR,"Fundamina: A Journal of Legal History",NR
NR,"Gaming Law Review and Economics",NR
NR,"George Mason International Law Journal [online]",NR
NR,"George Mason University Civil Rights Law Journal",NR
NR,"George Washington International Law Review",NR
NR,"George Washington Journal of Energy and Environmental Law",NR
NR,"Georgetown Environmental Law Review",NR
NR,"Georgetown Journal of Law & Modern Critical Race Perspectives",NR
NR,"Georgia Journal of International and Comparative Law",NR
NR,"German Yearbook of International Law",NR
NR,"Global Business Law Review",NR
NR,"Global Competition Litigation Review",NR
NR,"Global Crime",NR
NR,"Global Jurist [online]",NR
NR,"Global Privacy Law Review",NR
NR,"GNLU Journal of Law, Development and Politics",NR
NR,"GNLU Law Review",NR
NR,"Golden Gate University Environmental Law Journal",NR
NR,"Golden Gate University Law Review",NR
NR,"Gonzaga Journal of International Law [online]",NR
NR,"Göttingen Journal of International Law [online]",NR
NR,"Green Bag",NR
NR,"Griffith Law Review",NR
NR,"Hague Journal on the Rule of Law",NR
NR,"Hague Yearbook of International Law",NR
NR,"Hanse Law Review [online]",NR
NR,"Harvard Business Law Review",NR
NR,"Harvard Business Law Review Columns [online]",NR
NR,"Harvard International Law Journal Online [online]",NR
NR,"Harvard Journal of Sports and Entertainment Law [online]",NR
NR,"Harvard National Security Journal Online Edition [online]",NR
NR,"Health and Human Rights: An International Journal",NR
NR,"Health Economics, Policy and Law",NR
NR,"Health Law in Canada",NR
NR,"Heckerling Institute on Estate Planning",NR
NR,"Heidelberg Journal of International Law",NR
NR,"Hibernian Law Journal",NR
NR,"Hitotsubashi Journal of Law and Politics",NR
NR,"Hofstra Labor and Employment Law Journal",NR
NR,"Holy Cross Journal of Law and Public Policy",NR
NR,"Homicide Studies",NR
NR,"Hong Kong Journal of Legal Studies",NR
NR,"Hong Kong Law Journal",NR
NR,"Houston Business and Tax Law Journal",NR
NR,"Houston Journal of Health Law & Policy",NR
NR,"Houston Journal of International Law",NR
NR,"Howard Journal of Crime and Justice",NR
NR,"Human Life Review",NR
NR,"Human Rights",NR
NR,"Human Rights & Globalization Law Review",NR
NR,"Human Rights & International Legal Discourse",NR
NR,"Human Rights Brief",NR
NR,"Human Rights Law Journal",NR
NR,"Human Rights Quarterly",NR
NR,"Human Rights Review",NR
NR,"ICSID Review: Foreign Investment Law Journal",NR
NR,"Idaho Critical Legal Studies Journal [online]",NR
NR,"IDEA: The Journal of the Franklin Pierce Center for Intellectual Property",NR
NR,"ILSA Journal of International and Comparative Law",NR
NR,"India Law Journal",NR
NR,"Indian Journal of Human Rights and the Law",NR
NR,"Indian Journal of International Law",NR
NR,"Indian Journal of Law and Technology",NR
NR,"Indian Yearbook of International Law and Policy",NR
NR,"Indiana International & Comparative Law Review",NR
NR,"Indiana Journal of Global Legal Studies",NR
NR,"Indiana Law Review",NR
NR,"Indigenous Law Journal",NR
NR,"Indonesian Journal of International & Comparative Law",NR
NR,"Industrial Law Journal",NR
NR,"Industrial Relations: A Journal of Economy & Society",NR
NR,"Information and Communications Technology Law",NR
NR,"Insolvency Law Journal",NR
NR,"Intellectual Property and Technology Law Journal",NR
NR,"Intellectual Property Forum",NR
NR,"Intellectual Property Journal",NR
NR,"Intellectual Property Quarterly",NR
NR,"Inter-American and European Human Rights Journal",NR
NR,"Intercultural Human Rights Law Review",NR
NR,"International Arbitration Law Review",NR
NR,"International Business Law Journal",NR
NR,"International Commentary on Evidence [online]",NR
NR,"International Community Law Review",NR
NR,"International Company and Commercial Law Review",NR
NR,"International Construction Law Review",NR
NR,"International Corporate Rescue",NR
NR,"International Criminal Justice Review",NR
NR,"International Criminal Law Review",NR
NR,"International Data Privacy Law [online]",NR
NR,"International Energy Law Review",NR
NR,"International Environmental Agreements: Politics, Law and Economics",NR
NR,"International Family Law",NR
NR,"International Free and Open Source Software Law Review [online]",NR
NR,"International Insolvency Review",NR
NR,"International Journal for the Semiotics of Law",NR
NR,"International Journal of Arab Arbitration",NR
NR,"International Journal of Children's Rights",NR
NR,"International Journal of Clinical Legal Education",NR
NR,"International Journal of Comparative and Applied Criminal Justice",NR
NR,"International Journal of Comparative Labour Law and Industrial Relations",NR
NR,"International Journal of Constitutional Law",NR
NR,"International Journal of Corporate Governance",NR
NR,"International Journal of Cultural Property",NR
NR,"International Journal of Disclosure and Governance",NR
NR,"International Journal of Discrimination and the Law",NR
NR,"International Journal of Evidence and Proof",NR
NR,"International Journal of Franchising Law",NR
NR,"International Journal of Human Rights",NR
NR,"International Journal of Intellectual Property Management",NR
NR,"International Journal of Jurisprudence and Philosophy of Law",NR
NR,"International Journal of Law & Education",NR
NR,"International Journal of Law & Information Technology",NR
NR,"International Journal of Law and Management",NR
NR,"International Journal of Law and Psychiatry",NR
NR,"International Journal of Law in Context",NR
NR,"International Journal of Law in the Built Environment",NR
NR,"International Journal of Law, Crime and Justice",NR
NR,"International Journal of Law, Language & Discourse [online]",NR
NR,"International Journal of Law, Policy and the Family",NR
NR,"International Journal of Legal Information",NR
NR,"International Journal of Liability and Scientific Enquiry",NR
NR,"International Journal of Marine and Coastal Law",NR
NR,"International Journal of Not-for-Profit Law [online]",NR
NR,"International Journal of Offender Therapy and Comparative Criminology",NR
NR,"International Journal of Police Science and Management",NR
NR,"International Journal of Private Law",NR
NR,"International Journal of Procedural Law",NR
NR,"International Journal of Public Law and Policy",NR
NR,"International Journal of Refugee Law",NR
NR,"International Journal of Speech, Language and the Law: Forensic Linguistics",NR
NR,"International Journal of Technology Policy and Law",NR
NR,"International Journal of the Legal Profession",NR
NR,"International Journal of Transitional Justice",NR
NR,"International Journal on Minority and Group Rights",NR
NR,"International Lawyer",NR
NR,"International Legal Materials [online]",NR
NR,"International Organizations Law Review",NR
NR,"International Review of Intellectual Property and Competition Law",NR
NR,"International Review of Law and Economics",NR
NR,"International Review of Law, Computers & Technology",NR
NR,"International Review of Penal Law",NR
NR,"International Review of the Red Cross",NR
NR,"International Society of Barristers Quarterly",NR
NR,"International Tax Journal",NR
NR,"International Theory: A Journal of International Politics, Law and Philosophy",NR
NR,"International Trade and Business Law Review",NR
NR,"International Trade Law & Regulation",NR
NR,"IP Law Book Review [online]",NR
NR,"Irish Criminal Law Journal",NR
NR,"Irish Employment Law Journal",NR
NR,"Irish Journal of European Law",NR
NR,"Irish Journal of Family Law",NR
NR,"Irish Journal of Public Policy",NR
NR,"Irish Jurist",NR
NR,"Irish Planning and Environmental Law Journal",NR
NR,"Irish Yearbook of International Law",NR
NR,"Islamic Law and Society",NR
NR,"Israel Law Review",NR
NR,"Israel Yearbook on Human Rights",NR
NR,"Issues in Legal Scholarship [online]",NR
NR,"James Cook University Law Review",NR
NR,"Japanese Yearbook of International Law",NR
NR,"Jeffrey S. Moorad Sports Law Journal",NR
NR,"Jersey and Guernsey Law Review",NR
NR,"Jerusalem Review of Legal Studies",NR
NR,"Jewish Law Annual",NR
NR,"Jewish Law Association Studies",NR
NR,"Jindal Global Law Review",NR
NR,"John Marshall Law Journal",NR
NR,"Journal for European Environmental & Planning Law",NR
NR,"Journal for Juridical Science",NR
NR,"Journal Jurisprudence",NR
NR,"Journal of Affordable Housing and Community Development Law",NR
NR,"Journal of African Law",NR
NR,"Journal of Air Law and Commerce",NR
NR,"Journal of Animal & Environmental Law [online]",NR
NR,"Journal of Animal & Natural Resources Law",NR
NR,"Journal of Appellate Practice and Process",NR
NR,"Journal of Applied Law and Policy [online]",NR
NR,"Journal of Arts Management, Law, and Society",NR
NR,"Journal of Australian Taxation",NR
NR,"Journal of Banking and Finance Law and Practice",NR
NR,"Journal of Banking Regulation",NR
NR,"Journal of Bioethical Inquiry",NR
NR,"Journal of Business & Securities Law",NR
NR,"Journal of Business Law",NR
NR,"Journal of Business, Entrepreneurship & the Law",NR
NR,"Journal of Catholic Legal Studies",NR
NR,"Journal of Church and State",NR
NR,"Journal of Civil Law Studies",NR
NR,"Journal of Civil Litigation",NR
NR,"Journal of College and University Law",NR
NR,"Journal of Comparative Law",NR
NR,"Journal of Comparative Urban Law & Policy [online]",NR
NR,"Journal of Competition Law and Economics",NR
NR,"Journal of Conflict and Security Law",NR
NR,"Journal of Conflict Resolution",NR
NR,"Journal of Consumer & Commercial Law",NR
NR,"Journal of Consumer Policy",NR
NR,"Journal of Contemporary Criminal Justice",NR
NR,"Journal of Contemporary Legal Issues",NR
NR,"Journal of Contract Law",NR
NR,"Journal of Corporate Law Studies",NR
NR,"Journal of Criminal Justice",NR
NR,"Journal of Criminal Law",NR
NR,"Journal of Digital Forensics, Security and Law",NR
NR,"Journal of Dispute Resolution",NR
NR,"Journal of East Asia and International Law",NR
NR,"Journal of Energy & Development",NR
NR,"Journal of Energy & Natural Resources Law",NR
NR,"Journal of Environmental Law",NR
NR,"Journal of Environmental Law and Litigation",NR
NR,"Journal of Equity",NR
NR,"Journal of Ethics & Social Philosophy [online]",NR
NR,"Journal of Ethnicity in Criminal Justice",NR
NR,"Journal of Eurasian Law",NR
NR,"Journal of European Competition Law & Practice",NR
NR,"Journal of European Tort Law",NR
NR,"Journal of Financial Crime",NR
NR,"Journal of Financial Regulation and Compliance",NR
NR,"Journal of Food Law and Policy",NR
NR,"Journal of Forensic Economics",NR
NR,"Journal of Forensic Psychiatry and Psychology",NR
NR,"Journal of Gender, Race & Justice",NR
NR,"Journal of Genocide Research",NR
NR,"Journal of Hate Studies",NR
NR,"Journal of Health & Biomedical Law",NR
NR,"Journal of Health & Life Sciences Law [online]",NR
NR,"Journal of Health Politics, Policy and Law",NR
NR,"Journal of Human Rights",NR
NR,"Journal of Human Rights and the Environment",NR
NR,"Journal of Intellectual Property Law",NR
NR,"Journal of Intellectual Property Law & Practice",NR
NR,"Journal of International Affairs",NR
NR,"Journal of International Aging Law & Policy",NR
NR,"Journal of International Arbitration",NR
NR,"Journal of International Banking Law and Regulation",NR
NR,"Journal of International Business & Law",NR
NR,"Journal of International Criminal Justice",NR
NR,"Journal of International Dispute Settlement",NR
NR,"Journal of International Humanitarian Legal Studies",NR
NR,"Journal of International Maritime Law",NR
NR,"Journal of International Media and Entertainment Law",NR
NR,"Journal of International Trade Law & Policy",NR
NR,"Journal of International Wildlife Law & Policy",NR
NR,"Journal of Islamic State Practices in International Law [online]",NR
NR,"Journal of Japanese Law",NR
NR,"Journal of Judicial Administration",NR
NR,"Journal of Korean Law",NR
NR,"Journal of Land Use & Environmental Law",NR
NR,"Journal of Law & Equality",NR
NR,"Journal of Law & Politics",NR
NR,"Journal of Law & Public Affairs [online]",NR
NR,"Journal of Law and Commerce",NR
NR,"Journal of Law and Cyberwarfare",NR
NR,"Journal of Law and Health",NR
NR,"Journal of Law and Medicine",NR
NR,"Journal of Law and Religion",NR
NR,"Journal of Law and Social Deviance",NR
NR,"Journal of Law and Social Policy",NR
NR,"Journal of Law and Society",NR
NR,"Journal of Law and Technology at Texas",NR
NR,"Journal of Law and the Biosciences [online]",NR
NR,"Journal of Law in Society",NR
NR,"Journal of Law, Business & Ethics",NR
NR,"Journal of Law, Economics & Policy",NR
NR,"Journal of Law, Religion and State",NR
NR,"Journal of Law, Technology & the Internet",NR
NR,"Journal of Legal Affairs and Dispute Resolution in Engineering and Construction",NR
NR,"Journal of Legal Aspects of Sport",NR
NR,"Journal of Legal Economics",NR
NR,"Journal of Legal History",NR
NR,"Journal of Legal Medicine",NR
NR,"Journal of Legal Pluralism and Unofficial Law",NR
NR,"Journal of Legal Studies Education",NR
NR,"Journal of Legal Studies in Business",NR
NR,"Journal of Legal Technology Risk Management",NR
NR,"Journal of Legislative Studies",NR
NR,"Journal of Malaysian & Comparative Law",NR
NR,"Journal of Maritime Law and Commerce",NR
NR,"Journal of Media Law",NR
NR,"Journal of Media Law & Ethics",NR
NR,"Journal of Money Laundering Control",NR
NR,"Journal of National Security Law & Policy",NR
NR,"Journal of Parliamentary and Political Law",NR
NR,"Journal of Pension Planning & Compliance",NR
NR,"Journal of Personal Injury Law",NR
NR,"Journal of Politics and Law",NR
NR,"Journal of Private International Law",NR
NR,"Journal of Quantitative Criminology",NR
NR,"Journal of Research in Crime and Delinquency",NR
NR,"Journal of Scandinavian Studies in Criminology and Crime Prevention",NR
NR,"Journal of Social Welfare & Family Law",NR
NR,"Journal of South African Law",NR
NR,"Journal of Southern Legal History",NR
NR,"Journal of Space Law",NR
NR,"Journal of State Taxation",NR
NR,"Journal of Supreme Court History",NR
NR,"Journal of Taxation",NR
NR,"Journal of Taxation of Investments",NR
NR,"Journal of the American Academy of Matrimonial Lawyers",NR
NR,"Journal of the American Academy of Psychiatry and the Law",NR
NR,"Journal of the American College of Construction Lawyers",NR
NR,"Journal of the Australasian Tax Teachers Association [online]",NR
NR,"Journal of the Federal Circuit Historical Society",NR
NR,"Journal of the History of International Law",NR
NR,"Journal of the Legal Profession",NR
NR,"Journal of the National Association of Administrative Law Judiciary",NR
NR,"Journal of the Patent and Trademark Office Society",NR
NR,"Journal of the Philosophy of International Law [online]",NR
NR,"Journal of the Professional Lawyer",NR
NR,"Journal of Transnational Law & Policy",NR
NR,"Journal of Transportation Law, Logistics and Policy",NR
NR,"Journal of World Energy Law & Business",NR
NR,"Journal of World Intellectual Property",NR
NR,"Journal of World Investment & Trade",NR
NR,"Journal of World Trade",NR
NR,"Journal: The Virginia Trial Lawyers Association",NR
NR,"Judges' Journal",NR
NR,"Judicial Review",NR
NR,"Juridica International",NR
NR,"Juridical Review",NR
NR,"Jurisprudence: An International Journal of Legal and Political Thought",NR
NR,"Jurist: Studies in Church Law and Ministry",NR
NR,"Justice Quarterly",NR
NR,"Justice System Journal",NR
NR,"Justice: The International Association of Jewish Lawyers and Jurists",NR
NR,"Juvenile and Family Court Journal",NR
NR,"Kentucky Journal of Equine, Agriculture, & Natural Resources Law",NR
NR,"King's Inns Law Review",NR
NR,"King's Law Journal",NR
NR,"King's Student Law Review [online]",NR
NR,"Kobe University Law Review",NR
NR,"Korea University Law Review",NR
NR,"Labor Law Journal",NR
NR,"Landslide",NR
NR,"Law & Justice",NR
NR,"Law & Literature",NR
NR,"Law & Policy",NR
NR,"Law and Critique",NR
NR,"Law and Development Review [online]",NR
NR,"Law and Financial Markets Review",NR
NR,"Law and History Review",NR
NR,"Law and Humanities",NR
NR,"Law and Philosophy",NR
NR,"Law and Practice of International Courts and Tribunals",NR
NR,"Law Journal for Social Justice [online]",NR
NR,"Law Quarterly Review",NR
NR,"Law Teacher",NR
NR,"Law Text Culture",NR
NR,"Law, Culture and the Humanities",NR
NR,"Law, Environment and Development Journal [online]",NR
NR,"Law, Innovation and Technology",NR
NR,"Law, Probability and Risk",NR
NR,"Law, Social Justice & Global Development [online]",NR
NR,"LAWASIA Journal",NR
NR,"Legal and Criminological Psychology",NR
NR,"Legal Communication & Rhetoric: JALWD",NR
NR,"Legal Education Review",NR
NR,"Legal Ethics",NR
NR,"Legal History Review",NR
NR,"Legal Information Management",NR
NR,"Legal Issues of Economic Integration",NR
NR,"Legal Management",NR
NR,"Legal Reference Services Quarterly",NR
NR,"Legal Studies",NR
NR,"Legal Studies Forum",NR
NR,"Legal Theory",NR
NR,"Legal Writing: The Journal of the Legal Writing Institute",NR
NR,"Legislation and Policy Brief [online]",NR
NR,"Lex Localis: Journal of Local Self-Government",NR
NR,"Liberty University Law Review",NR
NR,"Lincoln Memorial University Law Review [online]",NR
NR,"Litigation",NR
NR,"Liverpool Law Review",NR
NR,"Lloyd's Maritime and Commercial Law Quarterly",NR
NR,"Local Government Law Journal",NR
NR,"Los Angeles Public Interest Law Journal",NR
NR,"Loyola Journal of Public Interest Law",NR
NR,"Loyola Maritime Law Journal",NR
NR,"Loyola of Los Angeles Entertainment Law Review",NR
NR,"Loyola of Los Angeles International & Comparative Law Review",NR
NR,"Loyola University Chicago International Law Review",NR
NR,"Loyola University Chicago Journal of Regulatory Compliance [online]",NR
NR,"Maastricht Journal of European and Comparative Law",NR
NR,"Macquarie Law Journal [online]",NR
NR,"Malawi Law Journal",NR
NR,"Manchester Journal of International Economic Law [online]",NR
NR,"Manitoba Law Journal",NR
NR,"Maori Law Review",NR
NR,"Marquette Benefits & Social Welfare Review ",NR
NR,"Marquette Intellectual Property & Innovation Law Review",NR
NR,"Maryland Journal of International Law",NR
NR,"Masaryk University Journal of Law and Technology",NR
NR,"Max Planck Yearbook of United Nations Law",NR
NR,"McGill International Journal of Sustainable Development Law and Policy",NR
NR,"McGill Journal of Law and Health",NR
NR,"McGill Law Journal",NR
NR,"Media & Arts Law Review",NR
NR,"Medical Law International",NR
NR,"Medical Law Review",NR
NR,"Medical Trial Technique Quarterly",NR
NR,"Medico-Legal Journal",NR
NR,"Medico-Legal Journal of Ireland",NR
NR,"Melbourne Journal of International Law",NR
NR,"Melbourne University Law Review",NR
NR,"Mexican Law Review",NR
NR,"Michigan Business and Entrepreneurial Law Review",NR
NR,"Michigan Journal of Environmental and Administrative Law",NR
NR,"Michigan State International Law Review",NR
NR,"Middle East Law and Governance",NR
NR,"Midwest Law Journal",NR
NR,"Military Law and the Law of War Review",NR
NR,"Military Law Review",NR
NR,"Mississippi College Law Review",NR
NR,"Mississippi Sports Law Review",NR
NR,"Mitchell Hamline Law Journal of Public Policy and Practice",NR
NR,"Mizan Law Review",NR
NR,"Modern American: A Scholarly Publication Dedicated to Diversity and the Law",NR
NR,"Monash University Law Review",NR
NR,"Municipal Lawyer",NR
NR,"Muslim World Journal of Human Rights [online]",NR
NR,"NAELA Journal",NR
NR,"Nanotechnology Law & Business",NR
NR,"National Banking Law Review",NR
NR,"National Journal of Constitutional Law",NR
NR,"National Law School of India Review",NR
NR,"National Taiwan University Law Review",NR
NR,"National Tax Journal",NR
NR,"Natural Resources & Environment",NR
NR,"Natural Resources Journal",NR
NR,"Naval Law Review",NR
NR,"Negotiation Journal",NR
NR,"Netherlands International Law Review",NR
NR,"Netherlands Quarterly of Human Rights",NR
NR,"New England Law Review",NR
NR,"New Journal of European Criminal Law",NR
NR,"New Law Journal",NR
NR,"New York University Annual Institute on Federal Taxation",NR
NR,"New York University Environmental Law Journal",NR
NR,"New York University Journal of International Law and Politics",NR
NR,"New Zealand Business Law Quarterly",NR
NR,"New Zealand Family Law Journal",NR
NR,"New Zealand Intellectual Property Journal",NR
NR,"New Zealand Journal of Employment Relations",NR
NR,"New Zealand Journal of Environmental Law",NR
NR,"New Zealand Journal of Taxation Law and Policy",NR
NR,"New Zealand Law Journal",NR
NR,"New Zealand Law Review",NR
NR,"New Zealand Postgraduate Law e-Journal [online]",NR
NR,"New Zealand Universities Law Review",NR
NR,"New Zealand Yearbook of International Law",NR
NR,"News Media & the Law",NR
NR,"NLG Review",NR
NR,"Nordic Journal of International Law",NR
NR,"North Carolina Central Law Review",NR
NR,"North Carolina Journal of Law & Technology Online Edition [online]",NR
NR,"North Carolina Law Review Forum [online]",NR
NR,"North Dakota Law Review",NR
NR,"North East Journal of Legal Studies",NR
NR,"Northeastern University Law Review Extra Legal [online]",NR
NR,"Northern Ireland Legal Quarterly",NR
NR,"Northern Kentucky Law Review",NR
NR,"Northern Territory Law Journal",NR
NR,"Northwestern Journal of International Law & Business",NR
NR,"Northwestern University Journal of International Human Rights",NR
NR,"Norton Annual Survey of Bankruptcy Law",NR
NR,"Norton Journal of Bankruptcy Law and Practice",NR
NR,"Notre Dame Journal of Law, Ethics & Public Policy Online Supplement [online]",NR
NR,"Nottingham Law Journal",NR
NR,"Nova Law Review",NR
NR,"Nuclear Law Bulletin",NR
NR,"NUJS Law Review",NR
NR,"Ocean and Coastal Law Journal [online]",NR
NR,"Ocean Development and International Law",NR
NR,"Ocean Yearbook",NR
NR,"Ohio Northern University Law Review",NR
NR,"Oil, Gas & Energy Quarterly",NR
NR,"Oklahoma City University Law Review",NR
NR,"ONE J: Oil and Gas, Natural Resources, and Energy Journal [online]",NR
NR,"Oregon Review of International Law",NR
NR,"Osaka University Law Review",NR
NR,"Osgoode Hall Law Journal",NR
NR,"Otago Law Review",NR
NR,"Ottawa Law Review",NR
NR,"Oxford Journal of Law and Religion",NR
NR,"Oxford University Commonwealth Law Journal",NR
NR,"Oxford University Comparative Law Forum [online]",NR
NR,"Pace Environmental Law Review",NR
NR,"Pace International Law Review",NR
NR,"Pace International Law Review Online Companion [online]",NR
NR,"Palestine Yearbook of International Law",NR
NR,"Peking University Law Journal",NR
NR,"Peking University Transnational Law Review",NR
NR,"Penn State Journal of Law and International Affairs",NR
NR,"Penn State Law Review Penn Statim [online]",NR
NR,"Pepperdine Dispute Resolution Law Journal",NR
NR,"Perspectives: Teaching Legal Research and Writing [online]",NR
NR,"Philippine Law Journal",NR
NR,"Pittsburgh Journal of Environmental and Public Health Law",NR
NR,"Pittsburgh Journal of Technology Law and Policy [online]",NR
NR,"Pittsburgh Tax Review",NR
NR,"PoLar: Political and Legal Anthropology Review",NR
NR,"Police Journal",NR
NR,"Police Practice and Research",NR
NR,"Police Quarterly",NR
NR,"Policing & Society",NR
NR,"Policing: A Journal of Policy and Practice",NR
NR,"Policing: An International Journal of Police Strategies & Management",NR
NR,"Polish Yearbook of International Law",NR
NR,"Potchefstroom Electronic Law Journal [online]",NR
NR,"Practical Lawyer",NR
NR,"Practical Real Estate Lawyer",NR
NR,"Practical Tax Lawyer",NR
NR,"Pratt's Journal of Bankruptcy Law",NR
NR,"Pretoria Student Law Review",NR
NR,"Prison Journal",NR
NR,"Probate & Property",NR
NR,"Probation Journal",NR
NR,"Professional Lawyer",NR
NR,"Property Law Review",NR
NR,"Prosecutor",NR
NR,"Psychiatry, Psychology and Law",NR
NR,"Psychological Injury and Law",NR
NR,"Psychology, Crime and Law",NR
NR,"Public Contract Law Journal",NR
NR,"Public Interest Law Reporter",NR
NR,"Public Land & Resources Law Review",NR
NR,"Public Law",NR
NR,"Public Law Review",NR
NR,"Public Policy Quarterly  [online]",NR
NR,"Publius: The Journal of Federalism",NR
NR,"Punishment & Society",NR
NR,"Queen Mary Journal of Intellectual Property",NR
NR,"Queen's Law Journal",NR
NR,"Queensland Lawyer",NR
NR,"Quinnipiac Health Law Journal",NR
NR,"Quinnipiac Law Review",NR
NR,"Quinnipiac Probate Law Journal",NR
NR,"QUT Law Review",NR
NR,"Rabels Zeitschrift fuer auslaendisches und internationales Privatrecht",NR
NR,"Race and Justice",NR
NR,"Ratio Juris: An International Journal of Jurisprudence and Philosophy of Law",NR
NR,"Real Estate Law Journal",NR
NR,"Real Estate Taxation",NR
NR,"Religion and Human Rights",NR
NR,"Renewable Energy Law and Policy Review",NR
NR,"Res Publica: A Journal of Moral, Legal and Social Philosophy",NR
NR,"Research in Law and Economics: A Journal of Policy",NR
NR,"Responsa Meridiana",NR
NR,"Restitution Law Review",NR
NR,"Revenue Law Journal",NR
NR,"Review of Banking and Financial Law",NR
NR,"Review of Central and East European Law",NR
NR,"Review of Constitutional Studies",NR
NR,"Review of European Administrative Law",NR
NR,"Review of European Comparative & International Environmental Law",NR
NR,"Review of Law & Economics [online]",NR
NR,"Revista de Derecho Puertorriqueño",NR
NR,"Revista del Colegio de Abogados de Puerto Rico",NR
NR,"Revista Juridica de la Universidad Interamericana de Puerto Rico",NR
NR,"Revista Juridica Universidad de Puerto Rico",NR
NR,"Revue de droit de l'Université de Sherbrooke",NR
NR,"Revue générale de droit",NR
NR,"Revue juridique Thémis",NR
NR,"Revue québécoise de droit international",NR
NR,"RGNUL Student Research Review [online]",NR
NR,"Richmond Journal of Law and the Public Interest [online]",NR
NR,"Ritsumeikan Law Review Online [online]",NR
NR,"Rocky Mountain Law Journal [online]",NR
NR,"Rocky Mountain Mineral Law Foundation Journal",NR
NR,"Rocky Mountain Mineral Law Institute Proceedings",NR
NR,"Roger Williams University Law Review",NR
NR,"Roman Legal Tradition [online]",NR
NR,"Rutgers Computer and Technology Law Journal",NR
NR,"Rutgers Journal of International Law and Human Rights",NR
NR,"Rutgers Journal of Law & Religion [online]",NR
NR,"Rutgers Journal of Law and Public Policy",NR
NR,"Rutgers Law Record [online]",NR
NR,"Rutgers Race & the Law Review",NR
NR,"San Diego International Law Journal",NR
NR,"San Diego Journal of Climate & Energy Law",NR
NR,"San Joaquin Agricultural Law Review",NR
NR,"Saskatchewan Law Review",NR
NR,"Scandinavian Studies in Law",NR
NR,"Scholar: St. Mary's Law Review on Race and Social Justice",NR
NR,"Science and Intellectual Property Law Review",NR
NR,"Scribes Journal of Legal Writing",NR
NR,"SCRIPTed: a Journal of Law, Technology & Society [online]",NR
NR,"Sea Grant Law & Policy Journal [online]",NR
NR,"Seattle Journal for Social Justice",NR
NR,"Seattle Journal of Technology, Environmental & Innovation Law [online]",NR
NR,"Securities Regulation Law Journal",NR
NR,"Seton Hall Circuit Review",NR
NR,"Seton Hall Legislative Journal",NR
NR,"Singapore Academy of Law Journal",NR
NR,"Singapore Journal of Legal Studies",NR
NR,"Singapore Law Review",NR
NR,"Slovenian Law Review",NR
NR,"Social & Legal Studies",NR
NR,"South African Journal of Bioethics and Law [online]",NR
NR,"South African Journal of Criminal Justice",NR
NR,"South African Journal on Human Rights",NR
NR,"South African Law Journal",NR
NR,"South African Mercantile Law Journal",NR
NR,"South African Yearbook of International Law",NR
NR,"South Carolina Journal of International Law and Business",NR
NR,"South Texas Law Review",NR
NR,"Southern California Review of Law and Social Justice",NR
NR,"Southern Cross University Law Review",NR
NR,"Southern Journal of Business and Ethics",NR
NR,"Southern Journal of Policy and Justice",NR
NR,"Southern Law Journal",NR
NR,"Southern University Law Review",NR
NR,"Southwestern Journal of International Law",NR
NR,"Spanish Yearbook of International Law",NR
NR,"Sport and the Law Journal",NR
NR,"Sports and Entertainment Law Journal",NR
NR,"Sports Law eJournal [online]",NR
NR,"Sports Lawyers Journal",NR
NR,"St. Louis University Public Law Review",NR
NR,"St. Mary’s Journal on Legal Malpractice & Ethics",NR
NR,"St. Thomas Law Review",NR
NR,"Stanford Environmental Law Journal",NR
NR,"Statute Law Review",NR
NR,"Stellenbosch Law Review",NR
NR,"Student Lawyer",NR
NR,"Studies in Law, Politics, and Society",NR
NR,"Suffolk Journal of Trial & Appellate Advocacy",NR
NR,"Suffolk Transnational Law Review",NR
NR,"Supra: Online Companion to the Mississippi Law Journal [online]",NR
NR,"Supreme Court Law Review",NR
NR,"SUR - International Journal on Human Rights",NR
NR,"Sustainable Development Law & Policy",NR
NR,"Swedish Studies in European Law",NR
NR,"Sydney Law Review",NR
NR,"Syracuse Journal of International Law and Commerce",NR
NR,"Syracuse Journal of Science and Technology Law [online]",NR
NR,"Tax Adviser",NR
NR,"Tax Management Compensation Planning Journal",NR
NR,"Tax Management Estates, Gifts and Trusts Journal",NR
NR,"Tax Management International Journal",NR
NR,"Tax Management Memorandum",NR
NR,"Tax Management Real Estate Journal",NR
NR,"Tax Notes International",NR
NR,"Tax Notes State",NR
NR,"Taxation of Exempts",NR
NR,"Taxes - The Tax Magazine",NR
NR,"Temple International and Comparative Law Journal",NR
NR,"Tennessee Journal of Law & Policy",NR
NR,"Texas A&M Journal of Property Law",NR
NR,"Texas Environmental Law Journal",NR
NR,"Texas Hispanic Journal of Law and Policy",NR
NR,"Texas International Law Journal",NR
NR,"Texas Journal of Business Law",NR
NR,"Texas Journal of Oil, Gas, and Energy Law",NR
NR,"Texas Journal of Women, Gender, and the Law",NR
NR,"Texas Journal on Civil Liberties & Civil Rights",NR
NR,"Texas Review of Entertainment & Sports Law",NR
NR,"Theoretical Criminology",NR
NR,"Theory and Practice of Legislation",NR
NR,"Thomas Jefferson Law Review",NR
NR,"Thomas M. Cooley Law Review",NR
NR,"Thurgood Marshall Law Review",NR
NR,"Tilburg Law Review",NR
NR,"Tort Law Review",NR
NR,"Tort Trial & Insurance Practice Law Journal",NR
NR,"Torts Law Journal",NR
NR,"Trademark Reporter",NR
NR,"Transactions: The Tennessee Journal of Business Law",NR
NR,"Transnational Environmental Law",NR
NR,"Transnational Law & Contemporary Problems",NR
NR,"Transnational Legal Theory",NR
NR,"Transportation Law Journal",NR
NR,"Trends in Organized Crime",NR
NR,"Tribal Law Journal [online]",NR
NR,"Trinity College Law Review",NR
NR,"Trusts & Trustees",NR
NR,"Tsinghua China Law Review",NR
NR,"Tulane Environmental Law Journal",NR
NR,"Tulane European and Civil Law Forum",NR
NR,"Tulane Journal of International and Comparative Law",NR
NR,"Tulane Journal of Law & Sexuality",NR
NR,"Tulane Journal of Technology & Intellectual Property",NR
NR,"Tulane Maritime Law Journal",NR
NR,"UC Davis Journal of International Law & Policy",NR
NR,"UC Davis Social Justice Law Review",NR
NR,"UC Law  SF Communications and Entertainment Journal",NR
NR,"UC Law Environmental Journal ",NR
NR,"UC Law Journal of Racial and Economic Justice",NR
NR,"UC Law Science & Technology Journal",NR
NR,"UC Law SF International Law Review",NR
NR,"UCL Journal of Law and Jurisprudence [online]",NR
NR,"UCLA Asian Pacific American Law Journal",NR
NR,"UCLA Journal of Environmental Law & Policy",NR
NR,"UCLA Journal of International Law and Foreign Affairs",NR
NR,"UCLA Journal of Islamic and Near Eastern Law",NR
NR,"UCLA Journal of Law and Technology [online]",NR
NR,"UCLA Pacific Basin Law Journal",NR
NR,"UCLA Women's Law Journal",NR
NR,"UIC Review of Intellectual Property Law",NR
NR,"Unbound: Harvard Journal of the Legal Left [online]",NR
NR,"Uniform Commercial Code Law Journal",NR
NR,"Uniform Law Review",NR
NR,"University College Dublin Law Review",NR
NR,"University of Arkansas at Little Rock Law Review",NR
NR,"University of Baltimore Journal of International Law",NR
NR,"University of Baltimore Journal of Land and Development",NR
NR,"University of Baltimore Law Forum",NR
NR,"University of British Columbia Law Review",NR
NR,"University of Dayton Law Review",NR
NR,"University of Denver Criminal Law Review",NR
NR,"University of Denver Water Law Review",NR
NR,"University of La Verne Law Review",NR
NR,"University of Maryland Law Journal of Race, Religion, Gender & Class",NR
NR,"University of Massachusetts Law Review",NR
NR,"University of Miami Business Law Review [online]",NR
NR,"University of Miami Inter-American Law Review",NR
NR,"University of Miami International and Comparative Law Review",NR
NR,"University of Miami Race & Social Justice Law Review",NR
NR,"University of New Brunswick Law Journal",NR
NR,"University of New Hampshire Law Review",NR
NR,"University of New South Wales Law Journal",NR
NR,"University of Notre Dame Australia Law Review",NR
NR,"University of Pennsylvania Asian Law Review",NR
NR,"University of Pennsylvania Journal of Constitutional Law Online [online]",NR
NR,"University of Puerto Rico Business Law Journal [online]",NR
NR,"University of Queensland Law Journal",NR
NR,"University of San Francisco Maritime Law Journal",NR
NR,"University of Tasmania Law Review",NR
NR,"University of the District of Columbia Law Review",NR
NR,"University of Toronto Faculty of Law Review",NR
NR,"University of Western Australia Law Review",NR
NR,"University of Western Sydney Law Review",NR
NR,"UNLV Gaming Law Journal",NR
NR,"Utrecht Journal of International and European Law [online]",NR
NR,"Utrecht Law Review [online]",NR
NR,"Vermont Journal of Environmental Law",NR
NR,"Veterans Law Review",NR
NR,"Victims & Offenders",NR
NR,"Victoria University of Wellington Law Review",NR
NR,"Vienna Journal on International Constitutional Law [online]",NR
NR,"Villanova Environmental Law Journal",NR
NR,"Virginia Environmental Law Journal",NR
NR,"Virginia Journal of Criminal Law",NR
NR,"Virginia Journal of Social Policy & the Law",NR
NR,"Virginia Sports and Entertainment Law Journal",NR
NR,"Waikato Law Review",NR
NR,"Wake Forest Journal of Business and Intellectual Property Law",NR
NR,"Wake Forest Law Review Online [online]",NR
NR,"Waseda Bulletin of Comparative Law",NR
NR,"Waseda Proceedings of Comparative Law",NR
NR,"Washington and Lee Journal of Civil Rights and Social Justice",NR
NR,"Washington Journal of Social & Environmental Justice [online]",NR
NR,"Washington University Global Studies Law Review",NR
NR,"Washington University Jurisprudence Review",NR
NR,"West Virginia Law Review Online [online]",NR
NR,"Western Legal History",NR
NR,"Western Michigan University Cooley Journal of Practical and Clinical Law",NR
NR,"Western New England Law Review",NR
NR,"Western State Law Review",NR
NR,"Widener Commonwealth Law Review",NR
NR,"Widener Journal of Law, Economics and Race [online]",NR
NR,"Willamette Journal of International Law and Dispute Resolution",NR
NR,"Willamette Law Review",NR
NR,"William & Mary Environmental Law and Policy Review",NR
NR,"William & Mary Policy Review",NR
NR,"Windsor Review of Legal and Social Issues",NR
NR,"Windsor Yearbook of Access to Justice",NR
NR,"Wisconsin International Law Journal",NR
NR,"Wisconsin Journal of Law, Gender & Society",NR
NR,"Women Lawyers Journal",NR
NR,"Women's Rights Law Reporter",NR
NR,"Workplace Review",NR
NR,"World Arbitration & Mediation Review",NR
NR,"World Competition: Law and Economics Review",NR
NR,"World Trade and Arbitration Materials",NR
NR,"Yale Journal of International Law Online [online]",NR
NR,"Yale Law & Policy Review Inter Alia [online]",NR
NR,"Yearbook of European Law",NR
NR,"Yearbook of International Disaster Law",NR
NR,"Yearbook of International Environmental Law",NR
NR,"Yearbook of International Humanitarian Law",NR
NR,"Yearbook of New Zealand Jurisprudence",NR
NR,"Yearbook on Arbitration and Mediation",NR
NR,"Youth Violence and Juvenile Justice",NR
